Best Practices for User-Friendly Web Design in Dallas TX,https://liftcreations.com/user-friendly-web-design-in-dallas-tx/
Dallas Dallas Web Designer Arlington Texas,https://liftcreations.com/dallas-dallas-web-designer-arlington-texas/
Richardson Web Design Dallas Tx Dallas Texas,https://liftcreations.com/richardson-web-design-dallas-tx-dallas-texas/
Richardson Web Designers Dallas Tx,https://liftcreations.com/richardson-web-designers-dallas-tx-dallas-texas/
Lewisville Web Page Designers Dallas Tx,https://liftcreations.com/lewisville-web-page-designers-dallas-tx/
Richardson Website Designers In Dallas Dallas Texas,https://liftcreations.com/richardson-website-designers-in-dallas-dallas-texas/
Richardson Web Designers Dallas Dallas Texas,https://liftcreations.com/richardson-web-designers-dallas-dallas-texas/
Richardson Website Designer Dallas Texas,https://liftcreations.com/richardson-website-designer-dallas-texas/
Richardson Web-Development Dallas Texas,https://liftcreations.com/richardson-web-development-dallas-texas-2/
Richardson Web Designer Dallas Texas,https://liftcreations.com/richardson-web-designer-dallas-texas/
Richardson Website Development,https://liftcreations.com/richardson-website-development/
Richardson Dallas Web Designer,https://liftcreations.com/richardson-dallas-web-designer/
Richardson Web Designs Dallas Texas,https://liftcreations.com/richardson-web-designs-dallas-texas/
Richardson Web Design and Development,https://liftcreations.com/richardson-web-design-and-development/
Richardson Web Design Dallas Texas,https://liftcreations.com/richardson-web-design-dallas-texas/
Richardson Website Developers Dallas Texas,https://liftcreations.com/richardson-website-developers-dallas-texas/